Name,Age,City,Country,Salary
John Doe,30,New York,USA,75000
Jane Smith,25,Los Angeles,USA,68000
Bob Johnson,35,Chicago,USA,82000
Alice Brown,28,Boston,USA,71000
Charlie Wilson,42,Seattle,USA,95000
Diana Miller,31,Miami,USA,73000
Edward Davis,29,Dallas,USA,69000
Frank Wilson,38,Phoenix,USA,88000
Grace Lee,26,Denver,USA,67000
Henry Taylor,33,Portland,USA,79000
Iris Chen,27,San Francisco,USA,72000
Jack Turner,34,Austin,USA,81000
Kate Martinez,29,Seattle,USA,70000
Leo Anderson,31,Boston,USA,74000
Mia Thompson,26,Chicago,USA,68000
Noah Garcia,33,Miami,USA,78000
Olivia Rodriguez,28,Dallas,USA,71000
Peter Kim,30,Denver,USA,73000
Quinn O'Brien,32,Portland,USA,76000
Rachel Singh,27,San Francisco,USA,69000
Sam Thompson,35,Austin,USA,83000
Tina Williams,29,Boston,USA,72000
Uma Patel,31,Chicago,USA,75000
Victor Chen,28,Miami,USA,71000
Wendy Liu,33,Dallas,USA,78000
Xavier Brown,30,Denver,USA,73000
Yara Garcia,26,Portland,USA,68000
Zoe Martinez,34,San Francisco,USA,82000
Aaron Johnson,29,Austin,USA,70000
Brianna Lee,31,Boston,USA,74000
Carlos Rodriguez,27,Chicago,USA,69000
Diana Chen,32,Miami,USA,76000
Ethan Thompson,28,Dallas,USA,71000
Fiona Kim,35,Denver,USA,83000
George Anderson,30,Portland,USA,73000
Hannah Singh,26,San Francisco,USA,68000
Ivan Martinez,33,Austin,USA,78000
Julia Chen,29,Boston,USA,72000
Kevin Lee,31,Chicago,USA,74000
Luna Rodriguez,27,Miami,USA,69000
Michael Brown,34,Dallas,USA,82000
Nina Garcia,30,Denver,USA,73000
Oscar Patel,26,Portland,USA,68000
Penny Liu,33,San Francisco,USA,78000
Quentin Anderson,29,Austin,USA,70000
Rachel Chen,31,Boston,USA,74000
Sam Lee,27,Chicago,USA,69000
Tina Rodriguez,32,Miami,USA,76000
Uma Brown,28,Dallas,USA,71000
Victor Kim,35,Denver,USA,83000
Wendy Anderson,30,Portland,USA,73000
Xavier Singh,26,San Francisco,USA,68000
Yara Martinez,33,Austin,USA,78000
Zoe Chen,29,Boston,USA,72000